,cpus_per_task,time_limit,count_queue,count_queue_user,mean_req_cpus,sum_req_cpus,min_req_cpus,max_req_cpus,mean_req_cpus_user,sum_req_cpus_user,min_req_cpus_user,max_req_cpus_user,mean_timelimit,sum_timelimit,min_timelimit,max_timelimit,mean_timelimit_user,sum_timelimit_user,min_timelimit_user,max_timelimit_user,mean_now_time_waiting,sum_now_time_waiting,min_now_time_waiting,max_now_time_waiting,mean_now_time_waiting_user,sum_now_time_waiting_user,min_now_time_waiting_user,max_now_time_waiting_user,count_running,count_running_user,mean_now_time_running,sum_now_time_running,min_now_time_running,max_now_time_running,mean_now_time_running_user,sum_now_time_running_user,min_now_time_running_user,max_now_time_running_user
0,1,1,0,0,0.0,0,0,0,0.0,0,0,0,0.0,0,0,0,0.0,0,0,0,0.0,0.0,0.0,0.0,0.0,0.0,0.0,0.0,0,0,0.0,0.0,0.0,0.0,0.0,0.0,0.0,0.0
1,1,1,0,0,0.0,0,0,0,0.0,0,0,0,0.0,0,0,0,0.0,0,0,0,0.0,0.0,0.0,0.0,0.0,0.0,0.0,0.0,0,0,0.0,0.0,0.0,0.0,0.0,0.0,0.0,0.0
2,1,1,0,0,0.0,0,0,0,0.0,0,0,0,0.0,0,0,0,0.0,0,0,0,0.0,0.0,0.0,0.0,0.0,0.0,0.0,0.0,2,0,2.4777679443359375,4.955535888671875,2.4777679443359375,2.4777679443359375,0.0,0.0,0.0,0.0
3,1,2,0,0,0.0,0,0,0,0.0,0,0,0,0.0,0,0,0,0.0,0,0,0,0.0,0.0,0.0,0.0,0.0,0.0,0.0,0.0,3,0,2.91383695602417,8.74151086807251,0.91383695602417,3.91383695602417,0.0,0.0,0.0,0.0
4,1,2,0,0,0.0,0,0,0,0.0,0,0,0,0.0,0,0,0,0.0,0,0,0,0.0,0.0,0.0,0.0,0.0,0.0,0.0,0.0,3,0,2.979145050048828,8.937435150146484,0.979145050048828,3.979145050048828,0.0,0.0,0.0,0.0
5,1,1,2,0,1.0,3,1,1,1.0,1,1,1,1.0,3,1,1,1.0,1,1,1,3.1385390758514404,6.277078151702881,3.1385390758514404,3.1385390758514404,0.0,0.0,0.0,0.0,3,1,5.142709016799927,15.42812705039978,3.1427090167999268,6.142709016799928,3.1427090167999268,3.1427090167999268,3.1427090167999268,3.1427090167999268
6,1,1,1,1,1.0,4,1,1,0.0,0,0,0,1.5,6,1,2,0.0,0,0,0,7.796526908874513,7.796526908874513,7.796526908874513,7.796526908874513,7.796526908874513,7.796526908874513,7.796526908874513,7.796526908874513,4,0,10.051032066345217,40.20412826538086,4.801032066345215,13.801032066345215,0.0,0.0,0.0,0.0
7,1,1,2,2,1.0,4,1,1,0.0,0,0,0,1.5,6,1,2,0.0,0,0,0,6.85918402671814,13.71836805343628,3.3591840267181396,10.359184026718141,6.85918402671814,13.71836805343628,3.3591840267181396,10.359184026718141,4,0,12.61283802986145,50.4513521194458,7.36283802986145,16.36283802986145,0.0,0.0,0.0,0.0
8,1,1,2,2,1.0,4,1,1,0.0,0,0,0,1.5,6,1,2,0.0,0,0,0,7.584053993225098,15.168107986450195,4.0840539932250985,11.084053993225098,7.584053993225098,15.168107986450195,4.0840539932250985,11.084053993225098,4,0,13.337882041931152,53.35152816772461,8.087882041931152,17.087882041931152,0.0,0.0,0.0,0.0
9,1,1,2,2,1.0,4,1,1,0.0,0,0,0,1.5,6,1,2,0.0,0,0,0,8.157716989517214,16.315433979034427,4.657716989517212,11.657716989517212,8.157716989517214,16.315433979034427,4.657716989517212,11.657716989517212,4,0,13.911508083343506,55.64603233337402,8.661508083343506,17.661508083343502,0.0,0.0,0.0,0.0
10,1,1,5,5,1.0,4,1,1,0.0,0,0,0,1.5,6,1,2,0.0,0,0,0,5.936906051635742,29.68453025817871,2.7369060516357417,13.736906051635742,5.936906051635742,29.68453025817871,2.7369060516357417,13.736906051635742,4,0,15.990381002426147,63.96152400970459,10.740381002426147,19.740381002426147,0.0,0.0,0.0,0.0
11,1,1,5,5,1.0,4,1,1,0.0,0,0,0,1.5,6,1,2,0.0,0,0,0,10.733008098602292,53.66504049301147,7.533008098602295,18.5330080986023,10.733008098602292,53.66504049301147,7.533008098602295,18.5330080986023,4,0,20.787070989608765,83.14828395843506,15.537070989608765,24.537070989608765,0.0,0.0,0.0,0.0
12,1,2,6,0,1.0,4,1,1,1.0,1,1,1,1.5,6,1,2,2.0,2,2,2,10.366029342015583,62.1961760520935,6.032696008682251,19.03269600868225,0.0,0.0,0.0,0.0,4,1,21.286783933639526,85.14713573455809,16.036783933639526,25.03678393363953,16.036783933639526,16.036783933639526,16.036783933639526,16.036783933639526
13,1,3,6,0,1.0,4,1,1,1.0,1,1,1,1.5,6,1,2,2.0,2,2,2,10.675900300343832,64.05540180206299,6.342566967010497,19.342566967010494,0.0,0.0,0.0,0.0,4,1,21.59589791297913,86.3835916519165,16.345897912979126,25.34589791297913,16.345897912979126,16.345897912979126,16.345897912979126,16.345897912979126
14,1,1,8,6,1.0,4,1,1,1.0,1,1,1,1.5,6,1,2,1.0,1,1,1,13.925601959228516,111.40481567382812,8.425601959228517,20.425601959228516,15.758935292561851,94.5536117553711,9.425601959228516,20.425601959228516,4,1,22.42972993850708,89.71891975402832,4.42972993850708,33.42972993850708,4.42972993850708,4.42972993850708,4.42972993850708,4.42972993850708
15,1,1,9,7,1.0,4,1,1,1.0,1,1,1,1.5,6,1,2,1.0,1,1,1,14.050780057907104,126.45702052116394,2.0507800579071045,22.050780057907104,15.193637200764249,106.35546040534972,2.0507800579071045,22.050780057907104,4,1,24.055301904678345,96.22120761871338,6.055301904678345,35.055301904678345,6.055301904678345,6.055301904678345,6.055301904678345,6.055301904678345
16,1,1,9,7,1.0,4,1,1,1.0,1,1,1,1.5,6,1,2,1.0,1,1,1,19.710624668333267,177.3956220149994,8.15506911277771,27.15506911277771,20.15506911277771,141.08548378944397,8.15506911277771,27.15506911277771,4,1,29.158704996109012,116.63481998443605,2.1587049961090092,43.15870499610901,2.1587049961090092,2.1587049961090092,2.1587049961090092,2.1587049961090092
17,1,1,9,7,1.0,4,1,1,1.0,2,1,1,1.5,6,1,2,1.0,2,1,1,19.405534479353165,174.64981031417847,2.8499789237976074,28.849978923797607,18.99283606665475,132.94985246658322,2.8499789237976074,28.849978923797607,4,2,20.854058027267453,83.41623210906981,1.854058027267456,39.85405802726745,3.354058027267456,6.708116054534912,1.854058027267456,4.854058027267456
18,1,2,9,0,1.0,4,1,1,1.0,1,1,1,1.5,6,1,2,2.0,2,2,2,20.72980448934767,186.56824040412903,4.174248933792113,30.17424893379211,0.0,0.0,0.0,0.0,4,1,22.177563905715946,88.71025562286377,3.1775639057159424,41.177563905715935,41.177563905715935,41.177563905715935,41.177563905715935,41.177563905715935
19,1,1,9,7,1.0,4,1,1,1.0,2,1,1,1.5,6,1,2,1.0,2,1,1,21.432845566007828,192.89561009407043,4.8772900104522705,30.87729001045227,21.020147153309413,147.14103007316592,4.8772900104522705,30.87729001045227,4,2,22.88103103637695,91.5241241455078,3.881031036376953,41.88103103637695,5.381031036376953,10.762062072753906,3.881031036376953,6.881031036376952
20,1,1,9,7,1.0,4,1,1,1.0,2,1,1,1.5,6,1,2,1.0,2,1,1,22.042577478620743,198.38319730758667,5.4870219230651855,31.487021923065186,21.629879065922328,151.40915346145633,5.4870219230651855,31.487021923065186,4,2,23.490957021713253,93.96382808685304,4.490957021713257,42.49095702171326,5.990957021713258,11.981914043426515,4.490957021713257,7.490957021713258
21,1,1,13,10,1.0,4,1,1,1.0,2,1,1,1.5,6,1,2,1.0,2,1,1,19.507070321303143,253.59191417694092,4.19937801361084,35.19937801361085,19.39937801361084,193.9937801361084,4.19937801361084,35.19937801361085,4,2,27.202924966812137,108.81169986724855,8.202924966812134,46.20292496681214,9.702924966812132,19.405849933624264,8.202924966812134,11.202924966812134
22,1,1,14,11,1.0,4,1,1,1.0,2,1,1,1.5,6,1,2,1.0,2,1,1,20.764547313962666,290.7036623954773,2.8359758853912354,37.83597588539123,20.29052133993669,223.1957347393036,2.8359758853912354,37.83597588539123,4,2,29.83975601196289,119.35902404785156,10.83975601196289,48.83975601196289,12.33975601196289,24.67951202392578,10.83975601196289,13.83975601196289
23,1,2,13,1,1.0,4,1,1,1.0,1,1,1,1.5,6,1,2,2.0,2,2,2,22.403451846196102,291.2448740005493,6.634221076965332,41.634221076965325,13.634221076965332,13.634221076965332,13.634221076965332,13.634221076965332,4,1,28.888556003570557,115.55422401428223,4.638556003570557,54.638556003570564,54.638556003570564,54.638556003570564,54.638556003570564,54.638556003570564
24,1,2,12,1,1.0,4,1,1,0.0,0,0,0,1.25,5,1,2,0.0,0,0,0,23.053922573725387,276.6470708847046,8.887255907058718,38.88725590705872,15.887255907058716,15.887255907058716,15.887255907058716,15.887255907058716,4,0,17.390712022781372,69.56284809112549,1.8907120227813718,53.890712022781365,0.0,0.0,0.0,0.0
25,1,1,13,8,1.0,3,1,1,1.0,2,1,1,1.3333333333333333,4,1,2,1.0,2,1,1,22.591257792252758,293.6863512992859,4.898950099945068,41.89895009994507,22.27395009994507,178.19160079956055,12.898950099945068,33.89895009994507,3,2,22.23639829953511,66.70919489860536,2.9030649662017822,57.90306496620178,4.403064966201782,8.806129932403564,2.9030649662017822,5.903064966201782
26,1,1,12,9,1.0,4,1,1,1.0,1,1,1,2.0,8,1,3,1.0,1,1,1,23.202376763025924,278.42852115631104,6.535710096359253,39.535710096359246,25.53571009635925,229.82139086723328,6.535710096359253,39.535710096359246,4,1,20.79049491882324,83.16197967529297,5.540494918823242,63.54049491882324,8.540494918823242,8.540494918823242,8.540494918823242,8.540494918823242
27,1,1,12,9,1.0,3,1,1,0.0,0,0,0,2.3333333333333335,7,2,3,0.0,0,0,0,24.325535694758102,291.9064283370972,7.6588690280914316,40.65886902809143,26.65886902809143,239.92982125282288,7.6588690280914316,40.65886902809143,3,0,25.99586733182271,77.98760199546814,6.66253399848938,64.66253399848938,0.0,0.0,0.0,0.0
28,1,1,12,9,1.0,3,1,1,0.0,0,0,0,2.3333333333333335,7,2,3,0.0,0,0,0,25.416106621424362,304.99327945709234,8.74943995475769,41.74943995475768,27.74943995475769,249.74495959281919,8.74943995475769,41.74943995475768,3,0,27.085783322652176,81.25734996795654,7.752449989318848,65.75244998931885,0.0,0.0,0.0,0.0
29,1,2,14,3,1.0,4,1,1,0.0,0,0,0,2.0,8,1,3,0.0,0,0,0,23.067436422620503,322.944109916687,4.638864994049072,43.63886499404907,22.305531660715737,66.91659498214722,16.638864994049072,31.638864994049072,4,0,24.14365792274475,96.574631690979,3.6436579227447514,69.64365792274475,0.0,0.0,0.0,0.0
30,1,1,15,11,1.0,4,1,1,1.0,1,1,1,2.0,8,1,3,1.0,1,1,1,25.814676221211748,387.22014331817627,4.881342887878418,47.88134288787842,27.517706524242055,302.69477176666265,8.881342887878418,47.88134288787842,4,1,28.38477110862732,113.53908443450928,7.8847711086273184,73.8847711086273,7.8847711086273184,7.8847711086273184,7.8847711086273184,7.8847711086273184
31,1,1,15,11,1.0,4,1,1,1.0,1,1,1,2.0,8,1,3,1.0,1,1,1,26.532683308919268,397.99024963378906,5.5993499755859375,48.59934997558594,28.235713611949574,310.5928497314453,9.599349975585938,48.59934997558594,4,1,29.10407090187073,116.41628360748292,8.604070901870728,74.60407090187074,8.604070901870728,8.604070901870728,8.604070901870728,8.604070901870728
32,1,2,17,4,1.0,4,1,1,0.0,0,0,0,2.0,8,1,3,0.0,0,0,0,27.444005545447855,466.5480942726135,4.502829074859619,52.50282907485962,25.75282907485962,103.01131629943848,9.50282907485962,40.50282907485962,4,0,33.00566291809082,132.02265167236328,12.50566291809082,78.5056629180908,0.0,0.0,0.0,0.0
33,1,1,17,13,1.0,4,1,1,1.0,1,1,1,2.0,8,1,3,1.0,1,1,1,28.37376337892869,482.3539774417877,5.432586908340454,53.43258690834046,28.89412536987891,375.6236298084259,5.432586908340454,53.43258690834046,4,1,33.936542987823486,135.74617195129395,13.436542987823485,79.43654298782349,13.436542987823485,13.436542987823485,13.436542987823485,13.436542987823485
34,1,1,17,13,1.0,4,1,1,1.0,1,1,1,2.0,8,1,3,1.0,1,1,1,28.6519535148845,487.0832097530365,5.710777044296265,53.71077704429626,29.172315505834728,379.24010157585144,5.710777044296265,53.71077704429626,4,1,34.213973999023445,136.85589599609378,13.713973999023438,79.71397399902344,13.713973999023438,13.713973999023438,13.713973999023438,13.713973999023438
35,1,1,20,15,1.0,4,1,1,1.0,1,1,1,2.0,8,1,3,1.0,1,1,1,27.571024942398072,551.4204988479613,3.7710249423980713,56.77102494239807,28.437691609064736,426.56537413597107,3.7710249423980713,56.77102494239807,4,1,37.27437996864319,149.09751987457275,16.77437996864319,82.77437996864319,16.77437996864319,16.77437996864319,16.77437996864319,16.77437996864319
36,1,1,20,15,1.0,3,1,1,0.0,0,0,0,2.3333333333333335,7,2,3,0.0,0,0,0,29.937010097503663,598.7402019500732,6.137010097503662,59.137010097503655,30.803676764170326,462.05515146255493,6.137010097503662,59.137010097503655,3,0,46.47396930058798,139.42190790176392,27.14063596725464,85.14063596725464,0.0,0.0,0.0,0.0
37,1,1,22,17,1.0,3,1,1,0.0,0,0,0,2.3333333333333335,7,2,3,0.0,0,0,0,29.623279788277365,651.7121553421019,2.3960070610046387,61.39600706100464,29.631301178651697,503.73212003707886,2.3960070610046387,61.39600706100464,3,0,48.73347433408102,146.200423002243,29.40014100074768,87.40014100074768,0.0,0.0,0.0,0.0
38,1,2,21,0,1.0,4,1,1,1.0,3,1,1,2.0,8,1,3,2.3333333333333335,7,2,3,30.16839967455183,633.5363931655884,4.454113960266113,55.45411396026611,0.0,0.0,0.0,0.0,4,3,38.708601951599114,154.83440780639646,2.458601951599121,89.45860195159912,50.791935284932464,152.3758058547974,31.45860195159912,89.45860195159912
39,1,1,21,16,1.0,4,1,1,1.0,1,1,1,2.0,8,1,3,1.0,1,1,1,31.501346690314158,661.5282804965972,5.787060976028442,56.787060976028435,31.037060976028442,496.59297561645513,5.787060976028442,56.787060976028435,4,1,40.041259050369256,160.16503620147702,3.7912590503692623,90.79125905036926,3.7912590503692623,3.7912590503692623,3.7912590503692623,3.7912590503692623
40,1,1,24,18,1.0,4,1,1,1.0,1,1,1,2.0,8,1,3,1.0,1,1,1,28.348499695460006,680.36399269104,1.306833028793335,57.30683302879334,28.36238858434889,510.52299451828003,1.306833028793335,57.30683302879334,4,1,40.560590028762824,162.2423601150513,4.3105900287628165,91.31059002876282,4.3105900287628165,4.3105900287628165,4.3105900287628165,4.3105900287628165
41,1,1,24,18,1.0,4,1,1,1.0,1,1,1,2.0,8,1,3,1.0,1,1,1,30.504988590876266,732.1197261810303,3.4633219242095947,59.463321924209595,30.51887747976515,549.3397946357727,3.4633219242095947,59.463321924209595,4,1,42.716984033584595,170.86793613433838,6.466984033584595,93.4669840335846,6.466984033584595,6.466984033584595,6.466984033584595,6.466984033584595
42,1,1,26,20,1.0,3,1,1,0.0,0,0,0,2.3333333333333335,7,2,3,0.0,0,0,0,33.72870041773869,876.946210861206,5.921008110046388,64.92100811004639,33.071008110046385,661.4201622009277,5.921008110046388,64.92100811004639,3,0,60.25791939099629,180.7737581729889,40.92458605766296,98.92458605766295,0.0,0.0,0.0,0.0
43,1,1,25,19,1.0,3,1,1,1.0,1,1,1,2.0,6,1,3,1.0,1,1,1,34.03490406036377,850.8726015090942,7.4749040603637695,64.47490406036377,32.948588270890085,626.0231771469116,7.4749040603637695,64.47490406036377,3,1,29.145270744959518,87.43581223487854,2.4786040782928467,42.478604078292854,2.4786040782928467,2.4786040782928467,2.4786040782928467,2.4786040782928467
44,1,2,26,5,1.0,4,1,1,0.0,0,0,0,1.75,7,1,3,0.0,0,0,0,32.30317135957571,839.8824553489685,2.4185559749603267,64.41855597496033,44.61855597496033,223.09277987480164,24.418555974960327,64.41855597496033,4,0,23.6721510887146,94.6886043548584,1.4221510887145996,44.4221510887146,0.0,0.0,0.0,0.0
45,1,1,27,20,1.0,4,1,1,1.0,2,1,1,1.75,7,1,3,1.0,2,1,1,38.236431660475546,1032.38365483284,7.5327279567718515,71.53272795677184,37.28272795677185,745.654559135437,9.532727956771849,71.53272795677184,4,2,30.78621506690979,123.14486026763916,8.53621506690979,51.53621506690979,10.036215066909788,20.072430133819577,8.53621506690979,11.53621506690979
46,1,1,27,20,1.0,3,1,1,1.0,1,1,1,2.0,6,1,3,1.0,1,1,1,39.23688870889169,1059.3959951400757,8.533185005187987,72.53318500518799,38.283185005187995,765.6637001037598,10.533185005187988,72.53318500518799,3,1,38.203237692515046,114.60971307754515,9.536571025848387,52.53657102584839,9.536571025848387,9.536571025848387,9.536571025848387,9.536571025848387
47,1,1,28,21,1.0,4,1,1,1.0,2,1,1,1.75,7,1,3,1.0,2,1,1,37.672812359673635,1054.8387460708618,2.8870980739593506,74.88709807395934,35.45852664538792,744.6290595531464,2.8870980739593506,73.88709807395934,4,2,30.640536069869995,122.56214427947998,0.8905360698699951,54.890536069869995,6.390536069869995,12.78107213973999,0.8905360698699951,11.890536069869995
48,1,1,28,21,1.0,3,1,1,1.0,1,1,1,2.0,6,1,3,1.0,1,1,1,40.23094023977007,1126.466326713562,5.445225954055786,77.4452259540558,38.016654525484356,798.3497450351715,5.445225954055786,76.4452259540558,3,1,39.449573040008545,118.34871912002563,3.449573040008545,57.44957304000854,3.449573040008545,3.449573040008545,3.449573040008545,3.449573040008545
49,1,2,28,6,1.0,3,1,1,0.0,0,0,0,2.0,6,1,3,0.0,0,0,0,40.541051285607466,1135.1494359970093,5.7553369998931885,77.75533699989319,50.58867033322653,303.53202199935913,13.755336999893188,77.75533699989319,3,0,39.75897908210755,119.27693724632263,3.758979082107544,57.75897908210754,0.0,0.0,0.0,0.0
50,1,1,28,6,1.0,3,1,1,0.0,0,0,0,2.0,6,1,3,0.0,0,0,0,40.945417301995406,1146.4716844558714,6.159703016281128,78.15970301628113,50.99303634961446,305.95821809768677,14.159703016281128,78.15970301628113,3,0,40.16356110572815,120.49068331718443,4.1635611057281485,58.16356110572815,0.0,0.0,0.0,0.0
51,1,2,28,6,1.0,3,1,1,0.0,0,0,0,2.0,6,1,3,0.0,0,0,0,41.24863733564104,1154.9618453979492,6.462923049926758,78.46292304992677,51.2962563832601,307.77753829956055,14.462923049926758,78.46292304992677,3,0,40.46726298332215,121.40178894996643,4.467262983322144,58.467262983322144,0.0,0.0,0.0,0.0
52,1,2,31,8,1.0,4,1,1,0.0,0,0,0,1.75,7,1,3,0.0,0,0,0,35.92993717039786,1113.8280522823334,1.3815500736236572,79.38155007362366,39.63155007362366,317.05240058898926,1.3815500736236572,79.38155007362366,4,0,31.38553690910339,125.54214763641356,1.3855369091033936,59.385536909103394,0.0,0.0,0.0,0.0
53,1,2,31,8,1.0,4,1,1,0.0,0,0,0,1.75,7,1,3,0.0,0,0,0,37.117898033511246,1150.6548390388486,2.5695109367370605,80.56951093673706,40.81951093673706,326.5560874938965,2.5695109367370605,80.56951093673706,4,0,32.572213888168335,130.28885555267334,2.572213888168335,60.57221388816834,0.0,0.0,0.0,0.0
54,1,1,31,22,1.0,4,1,1,1.0,2,1,1,1.75,7,1,3,1.0,2,1,1,39.47678212965688,1223.7802460193636,4.92839503288269,82.92839503288269,38.47384957833724,846.4246907234192,5.92839503288269,77.92839503288269,4,2,34.932180881500244,139.72872352600098,4.932180881500244,62.932180881500244,6.932180881500244,13.864361763000488,4.932180881500244,8.932180881500244
55,1,1,35,23,1.0,3,1,1,1.0,1,1,1,2.0,6,1,3,1.0,1,1,1,36.732348108291625,1285.6321837902071,2.332348108291626,84.33234810829163,38.24539158655249,879.6440064907074,2.332348108291626,79.33234810829163,3,1,45.0025717417399,135.00771522521973,6.335905075073242,64.33590507507324,6.335905075073242,6.335905075073242,6.335905075073242,6.335905075073242
56,1,1,34,22,1.0,4,1,1,1.0,2,1,1,1.75,7,1,3,1.0,2,1,1,36.39597473425024,1237.463140964508,3.248915910720825,85.24891591072083,37.294370456175365,820.4761500358583,3.248915910720825,78.24891591072083,4,2,34.75249695777893,139.00998783111572,1.2524969577789309,65.25249695777893,4.2524969577789316,8.504993915557861,1.2524969577789309,7.2524969577789316
57,1,1,34,22,1.0,4,1,1,1.0,2,1,1,1.75,7,1,3,1.0,2,1,1,37.72729192060583,1282.727925300598,4.580233097076416,86.58023309707642,38.62568764253096,849.7651281356813,4.580233097076416,79.58023309707643,4,2,36.08371806144715,144.33487224578855,2.5837180614471436,66.58371806144714,5.583718061447144,11.167436122894287,2.5837180614471436,8.583718061447144
58,1,2,34,11,1.0,4,1,1,0.0,0,0,0,1.75,7,1,3,0.0,0,0,0,37.780417778912714,1284.5342044830322,4.633358955383301,86.6333589553833,36.17881350083785,397.9669485092163,6.633358955383301,86.6333589553833,4,0,36.13619494438171,144.54477977752688,2.636194944381714,66.63619494438171,0.0,0.0,0.0,0.0
59,1,2,34,11,1.0,4,1,1,0.0,0,0,0,1.75,7,1,3,0.0,0,0,0,37.94017682355993,1289.9660120010374,4.7931180000305185,86.79311800003052,36.338572545485064,399.7242980003357,6.793118000030518,86.79311800003052,4,0,36.296353101730354,145.18541240692142,2.7963531017303467,66.79635310173036,0.0,0.0,0.0,0.0
60,1,1,39,25,1.0,3,1,1,1.0,1,1,1,2.0,6,1,3,1.0,1,1,1,36.33136644730201,1416.9232914447784,3.86982798576355,89.86982798576355,37.469827985763544,936.7456996440887,3.86982798576355,82.86982798576355,3,1,48.540276686350495,145.62083005905149,5.873610019683838,69.87361001968385,5.873610019683838,5.873610019683838,5.873610019683838,5.873610019683838
61,1,1,38,24,1.0,4,1,1,1.0,2,1,1,1.75,7,1,3,1.0,2,1,1,37.352847049110814,1419.408187866211,6.116004943847656,92.11600494384766,37.82433827718099,907.7841186523438,6.116004943847656,73.11600494384766,4,2,38.619654893875115,154.47861957550052,2.1196548938751216,72.11965489387512,5.119654893875122,10.239309787750244,2.1196548938751216,8.119654893875122
62,1,1,38,24,1.0,4,1,1,1.0,2,1,1,1.75,7,1,3,1.0,2,1,1,38.585183093422344,1466.2369575500488,7.34834098815918,93.34834098815918,39.05667432149251,937.3601837158203,7.34834098815918,74.3483409881592,4,2,39.852164030075066,159.40865612030032,3.3521640300750732,73.35216403007506,6.352164030075072,12.704328060150145,3.3521640300750732,9.352164030075071
63,1,1,38,24,1.0,4,1,1,1.0,2,1,1,1.75,7,1,3,1.0,2,1,1,38.894365022056974,1477.9858708381653,7.657522916793822,93.65752291679381,39.36585625012716,944.7805500030518,7.657522916793822,74.65752291679381,4,2,40.16109204292298,160.64436817169192,3.6610920429229736,73.66109204292296,6.661092042922974,13.322184085845947,3.6610920429229736,9.661092042922975
64,1,1,42,28,1.0,4,1,1,1.0,2,1,1,1.75,7,1,3,1.0,2,1,1,37.001103741782046,1554.0463571548462,2.286818027496338,95.28681802749634,35.643960884639185,998.0309047698976,2.286818027496338,76.28681802749635,4,2,41.79026198387146,167.16104793548584,5.29026198387146,75.29026198387145,8.29026198387146,16.58052396774292,5.29026198387146,11.29026198387146
65,1,1,42,28,1.0,3,1,1,1.0,1,1,1,2.0,6,1,3,1.0,1,1,1,38.6346036025456,1622.6533513069153,3.920317888259888,96.92031788825987,37.27746074540274,1043.7689008712766,3.920317888259888,77.92031788825989,3,1,53.591222683588654,160.773668050766,6.924556016921997,76.924556016922,6.924556016921997,6.924556016921997,6.924556016921997,6.924556016921997
66,1,1,41,27,1.0,4,1,1,1.0,3,1,1,1.5,6,1,3,1.0,3,1,1,38.69527253290502,1586.5061738491058,5.353809118270874,101.35380911827087,35.02047578493754,945.5528461933136,5.353809118270874,74.35380911827087,4,3,22.10775899887085,88.4310359954834,1.3577589988708496,81.35775899887084,2.3577589988708496,7.073276996612549,1.3577589988708496,4.3577589988708505
67,1,1,41,27,1.0,4,1,1,1.0,3,1,1,1.5,6,1,3,1.0,3,1,1,40.33683737894384,1653.8103325366974,6.995373964309692,102.99537396430969,36.66204063097636,989.8750970363617,6.995373964309692,75.99537396430968,4,3,23.749293088912964,94.99717235565186,2.999293088912964,82.99929308891295,3.999293088912964,11.997879266738892,2.999293088912964,5.999293088912964
68,1,2,41,1,1.0,4,1,1,1.0,1,1,1,1.5,6,1,3,3.0,3,3,3,41.04189237734167,1682.7175874710085,7.70042896270752,103.70042896270752,52.70042896270752,52.70042896270752,52.70042896270752,52.70042896270752,4,1,24.454163074493408,97.81665229797363,3.704163074493408,83.70416307449341,83.70416307449341,83.70416307449341,83.70416307449341,83.70416307449341
69,1,1,44,13,1.0,4,1,1,0.0,0,0,0,1.5,6,1,3,0.0,0,0,0,40.70522059093822,1791.0297060012815,3.068856954574585,106.06885695457458,50.14578003149766,651.8951404094696,20.068856954574585,106.06885695457458,4,0,26.8224139213562,107.2896556854248,6.072413921356201,86.0724139213562,0.0,0.0,0.0,0.0
70,1,2,44,13,1.0,4,1,1,0.0,0,0,0,1.5,6,1,3,0.0,0,0,0,41.00749553333629,1804.3298034667969,3.371131896972656,106.37113189697266,50.448054973895744,655.8247146606445,20.371131896972656,106.37113189697266,4,0,27.124932050704953,108.49972820281981,6.374932050704956,86.37493205070496,0.0,0.0,0.0,0.0
71,1,2,46,15,1.0,3,1,1,0.0,0,0,0,1.6666666666666667,5,1,3,0.0,0,0,0,42.02265521754389,1933.042140007019,3.153090000152588,109.15309000015259,46.5530900001526,698.2963500022888,3.153090000152588,109.15309000015259,3,0,35.82347361246745,107.47042083740234,9.15680694580078,89.15680694580078,0.0,0.0,0.0,0.0
72,1,1,44,27,1.0,4,1,1,1.0,3,1,1,1.5,6,1,3,1.0,3,1,1,44.16865775801919,1943.420941352844,6.94138503074646,112.94138503074646,41.348792438153865,1116.4173958301544,9.941385030746462,76.94138503074645,4,3,27.69490098953247,110.77960395812988,0.9449009895324708,92.94490098953248,5.944900989532472,17.834702968597416,0.9449009895324708,12.94490098953247
73,1,1,44,27,1.0,4,1,1,1.0,3,1,1,1.5,6,1,3,1.0,3,1,1,44.47452161528847,1956.8789510726929,7.247248888015747,113.24724888801576,41.65465629542315,1124.6757199764254,10.247248888015749,77.24724888801575,4,3,28.000927925109863,112.00371170043944,1.2509279251098633,93.25092792510986,6.250927925109862,18.75278377532959,1.2509279251098633,13.250927925109865
74,1,2,44,2,1.0,4,1,1,1.0,1,1,1,1.5,6,1,3,3.0,3,3,3,44.782226779244155,1970.4179782867432,7.5549540519714355,113.55495405197144,36.554954051971436,73.10990810394287,10.554954051971436,62.554954051971436,4,1,28.30856704711914,113.23426818847656,1.5585670471191406,93.55856704711914,93.55856704711914,93.55856704711914,93.55856704711914,93.55856704711914
75,1,2,47,16,1.0,4,1,1,0.0,0,0,0,1.5,6,1,3,0.0,0,0,0,42.95004533199553,2018.6521306037905,3.077704906463623,116.07770490646362,50.577704906463616,809.243278503418,7.077704906463622,116.07770490646362,4,0,27.08102798461914,108.32411193847656,1.0810279846191406,96.08102798461914,0.0,0.0,0.0,0.0
76,1,1,47,28,1.0,4,1,1,1.0,3,1,1,1.5,6,1,3,1.0,3,1,1,43.66381739048247,2052.1994173526764,3.7914769649505615,116.79147696495056,41.005762679236284,1148.1613550186155,3.7914769649505615,75.79147696495056,4,3,27.795315027236942,111.18126010894777,1.7953150272369385,96.79531502723694,4.7953150272369385,14.385945081710815,1.7953150272369385,7.795315027236939
77,1,1,49,29,1.0,3,1,1,1.0,2,1,1,1.6666666666666667,5,1,3,1.0,2,1,1,46.639389096474154,2285.330065727234,5.516940116882324,121.51694011688231,44.34452632377889,1285.9912633895876,5.516940116882324,80.51694011688231,3,2,39.188309590021774,117.56492877006531,6.5216429233551025,101.5216429233551,8.021642923355103,16.043285846710205,6.5216429233551025,9.521642923355104
78,1,1,48,28,1.0,4,1,1,1.0,3,1,1,1.5,6,1,3,1.0,3,1,1,46.87588159243265,2250.0423164367676,6.459214925765991,122.45921492576599,43.994929211480276,1231.8580179214478,6.459214925765991,81.45921492576598,4,3,30.46260404586792,121.85041618347168,1.46260404586792,102.46260404586792,6.46260404586792,19.387812137603763,1.46260404586792,10.46260404586792
79,1,1,48,28,1.0,3,1,1,1.0,2,1,1,1.6666666666666667,5,1,3,1.0,2,1,1,49.80732893943786,2390.7517890930176,6.682328939437866,128.68232893943787,44.575186082295005,1248.1052103042605,6.682328939437866,81.68232893943788,3,2,37.353184620539345,112.05955386161804,1.6865179538726809,108.68651795387268,1.6865179538726809,3.3730359077453613,1.6865179538726809,1.6865179538726809
80,1,2,49,17,1.0,3,1,1,0.0,0,0,0,1.6666666666666667,5,1,3,0.0,0,0,0,49.4212489711995,2421.6411995887756,1.298799991607666,129.2987999916077,60.82821175631354,1034.0795998573303,13.298799991607664,129.2987999916077,3,0,37.96968666712443,113.90906000137328,2.3030200004577637,109.30302000045776,0.0,0.0,0.0,0.0
81,1,1,48,27,1.0,2,1,1,1.0,2,1,1,1.0,2,1,1,1.0,2,1,1,58.43253143628438,2804.7615089416504,11.66169810295105,140.66169810295105,52.25429069554365,1410.8658487796786,12.66169810295105,88.66169810295105,2,2,8.164688110351562,16.329376220703125,2.6646881103515625,13.664688110351562,8.164688110351562,16.329376220703125,2.6646881103515625,13.664688110351562
82,1,1,46,25,1.0,4,1,1,1.0,4,1,1,1.0,4,1,1,1.0,4,1,1,59.89442375431889,2755.1434926986694,5.263988971710205,145.26398897171018,50.58398897171021,1264.5997242927554,5.263988971710205,85.2639889717102,4,4,4.2671520709991455,17.068608283996582,1.2671520709991455,7.2671520709991455,4.2671520709991455,17.068608283996582,1.2671520709991455,7.2671520709991455
83,1,1,46,25,1.0,4,1,1,1.0,4,1,1,1.0,4,1,1,1.0,4,1,1,61.021098883255675,2806.9705486297607,6.390664100646973,146.39066410064697,51.71066410064697,1292.7666025161745,6.390664100646973,86.39066410064697,4,4,5.394644021987915,21.57857608795166,2.394644021987915,8.394644021987915,5.394644021987915,21.57857608795166,2.394644021987915,8.394644021987915
84,1,1,46,25,1.0,4,1,1,1.0,4,1,1,1.0,4,1,1,1.0,4,1,1,62.546664745911315,2877.14657831192,7.916229963302612,147.91622996330258,53.23622996330261,1330.9057490825653,7.916229963302612,87.91622996330261,4,4,6.9198479652404785,27.67939186096191,3.9198479652404785,9.91984796524048,6.9198479652404785,27.67939186096191,3.9198479652404785,9.91984796524048
85,1,3,47,3,1.0,3,1,1,0.0,0,0,0,1.0,3,1,1,0.0,0,0,0,65.92653521578363,3098.5471551418304,9.203130960464476,156.20313096046448,67.20313096046448,201.60939288139343,43.20313096046448,105.20313096046448,3,0,8.206716060638428,24.620148181915283,3.2067160606384277,15.206716060638428,0.0,0.0,0.0,0.0
86,1,1,45,24,1.0,4,1,1,1.0,4,1,1,1.0,4,1,1,1.0,4,1,1,65.78608899646336,2960.374004840851,9.897200107574463,156.89720010757446,51.063866774241134,1225.5328025817869,9.897200107574463,82.89720010757445,4,4,3.1506099700927734,12.602439880371096,0.9006099700927734,6.9006099700927725,3.1506099700927734,12.602439880371096,0.9006099700927734,6.9006099700927725
87,1,1,45,24,1.0,4,1,1,1.0,4,1,1,1.0,4,1,1,1.0,4,1,1,66.79791384273105,3005.906122922897,10.909024953842163,157.90902495384216,52.07569162050882,1249.8165988922121,10.909024953842163,83.90902495384215,4,4,4.163069009780884,16.652276039123535,1.913069009780884,7.913069009780884,4.163069009780884,16.652276039123535,1.913069009780884,7.913069009780884
88,1,2,45,18,1.0,4,1,1,0.0,0,0,0,1.0,4,1,1,0.0,0,0,0,67.91800385051303,3056.3101732730865,12.029114961624146,159.02911496162417,87.1957816282908,1569.5240693092346,30.029114961624146,159.02911496162417,4,0,5.283257961273193,21.133031845092773,3.033257961273194,9.033257961273193,0.0,0.0,0.0,0.0
89,1,1,45,24,1.0,4,1,1,1.0,4,1,1,1.0,4,1,1,1.0,4,1,1,68.09990292125279,3064.495631456375,12.211014032363892,159.21101403236392,53.37768069903056,1281.0643367767336,12.211014032363892,85.21101403236389,4,4,5.464840888977051,21.859363555908203,3.2148408889770512,9.21484088897705,5.464840888977051,21.859363555908203,3.2148408889770512,9.21484088897705
90,1,2,50,4,1.0,2,1,1,0.0,0,0,0,1.0,2,1,1,0.0,0,0,0,64.46481896400452,3223.240948200226,3.2048189640045166,162.20481896400455,56.454818964004524,225.8192758560181,6.2048189640045175,111.20481896400452,2,0,6.208772897720338,12.417545795440676,6.208772897720338,6.208772897720338,0.0,0.0,0.0,0.0
91,1,1,48,24,1.0,4,1,1,1.0,4,1,1,1.0,4,1,1,1.0,4,1,1,66.32695357004803,3183.693771362305,4.660286903381348,166.66028690338138,50.868620236714676,1220.8468856811526,7.660286903381348,82.66028690338135,4,4,5.6640520095825195,22.656208038330078,2.6640520095825195,10.66405200958252,5.6640520095825195,22.656208038330078,2.6640520095825195,10.66405200958252
92,1,1,48,24,1.0,4,1,1,1.0,4,1,1,1.0,4,1,1,1.0,4,1,1,66.50200168291728,3192.0960807800293,4.83533501625061,166.83533501625058,51.04366834958394,1225.0480403900144,7.83533501625061,82.83533501625061,4,4,5.8387229442596436,23.354891777038574,2.8387229442596436,10.838722944259644,5.8387229442596436,23.354891777038574,2.8387229442596436,10.838722944259644
93,1,1,48,24,1.0,3,1,1,1.0,3,1,1,1.0,3,1,1,1.0,3,1,1,68.24505058924358,3275.762428283691,6.578383922576903,168.5783839225769,52.78671725591025,1266.8812141418455,9.578383922576904,84.5783839225769,3,3,5.915557225545246,17.746671676635742,4.582223892211914,6.582223892211914,5.915557225545246,17.746671676635742,4.582223892211914,6.582223892211914
94,1,1,50,19,1.0,3,1,1,0.0,0,0,0,1.0,3,1,1,0.0,0,0,0,65.8873060798645,3294.365303993225,2.527306079864502,170.5273060798645,94.10625344828556,1788.0188155174255,11.527306079864502,170.5273060798645,3,0,5.530988931655884,16.59296679496765,1.5309889316558838,8.530988931655884,0.0,0.0,0.0,0.0
95,1,3,49,5,1.0,4,1,1,0.0,0,0,0,1.0,4,1,1,0.0,0,0,0,69.2546678757181,3393.4787259101868,6.009769916534424,176.00976991653442,59.009769916534424,295.0488495826721,14.009769916534426,125.00976991653442,4,0,6.0132999420166025,24.05319976806641,1.0132999420166016,12.013299942016602,0.0,0.0,0.0,0.0
96,1,3,49,5,1.0,4,1,1,0.0,0,0,0,1.0,4,1,1,0.0,0,0,0,70.9809449886789,3478.0663044452667,7.736047029495238,177.73604702949524,60.73604702949524,303.6802351474762,15.73604702949524,126.73604702949524,4,0,7.739413022994995,30.95765209197998,2.739413022994995,13.739413022994995,0.0,0.0,0.0,0.0
97,1,2,51,20,1.0,3,1,1,0.0,0,0,0,1.0,3,1,1,0.0,0,0,0,70.59539595304751,3600.365193605423,3.085592031478882,180.08559203147888,98.98559203147889,1979.7118406295776,10.085592031478884,180.08559203147888,3,0,8.089255094528196,24.267765283584595,5.089255094528198,11.089255094528198,0.0,0.0,0.0,0.0
98,1,2,50,7,1.0,4,1,1,0.0,0,0,0,1.0,4,1,1,0.0,0,0,0,73.65069302558898,3682.5346512794495,5.310693025588988,185.310693025589,51.31069302558899,359.17485117912287,8.310693025588991,134.31069302558902,4,0,8.563482999801638,34.253931999206536,0.31348299980163574,16.313482999801636,0.0,0.0,0.0,0.0
99,1,1,51,22,1.0,1,1,1,1.0,1,1,1,1.0,1,1,1,1.0,1,1,1,76.7029797376371,3911.851966619491,4.801018953323363,189.80101895332336,60.573746226050645,1332.622416973114,21.801018953323364,96.80101895332336,1,1,4.805166959762573,4.805166959762573,4.805166959762573,4.805166959762573,4.805166959762573,4.805166959762573,4.805166959762573,4.805166959762573
100,1,2,51,21,1.0,1,1,1,0.0,0,0,0,1.0,1,1,1,0.0,0,0,0,78.233023816464,3989.8842146396637,6.3310630321502686,191.33106303215027,105.52153922262646,2215.9523236751556,11.331063032150269,191.33106303215027,1,0,6.335052013397218,6.335052013397218,6.335052013397218,6.335052013397218,0.0,0.0,0.0,0.0
101,1,2,48,21,1.0,4,1,1,0.0,0,0,0,1.0,4,1,1,0.0,0,0,0,77.73544788360596,3731.301498413086,7.047947883605957,192.04794788360596,106.23842407408216,2231.006905555725,12.047947883605955,192.04794788360596,4,0,2.5519139766693115,10.207655906677246,1.0519139766693115,7.0519139766693115,0.0,0.0,0.0,0.0
102,1,1,48,19,1.0,3,1,1,1.0,3,1,1,1.0,3,1,1,1.0,3,1,1,79.87475109100342,3833.988052368164,9.187251091003418,194.18725109100345,59.34514582784553,1127.557770729065,26.187251091003414,98.18725109100342,3,3,3.190769910812378,9.572309732437132,3.190769910812378,3.190769910812378,3.190769910812378,9.572309732437132,3.190769910812378,3.190769910812378
103,1,1,51,20,1.0,4,1,1,1.0,4,1,1,1.0,4,1,1,1.0,4,1,1,75.7987207337922,3865.734757423401,2.5242109298706055,196.5242109298706,54.0742109298706,1081.4842185974119,2.5242109298706055,95.52421092987059,4,4,4.7776238918304434,19.110495567321774,2.5276238918304443,5.5276238918304434,4.7776238918304434,19.110495567321774,2.5276238918304443,5.5276238918304434
104,1,1,51,20,1.0,4,1,1,1.0,4,1,1,1.0,4,1,1,1.0,4,1,1,76.20412673202215,3886.41046333313,2.9296169281005864,196.9296169281006,54.479616928100576,1089.5923385620115,2.9296169281005864,95.92961692810059,4,4,5.183279991149902,20.73311996459961,2.9332799911499023,5.933279991149902,5.183279991149902,20.73311996459961,2.9332799911499023,5.933279991149902
105,1,2,51,23,1.0,4,1,1,0.0,0,0,0,1.0,4,1,1,0.0,0,0,0,77.29240884032905,3941.912850856781,4.017899036407472,198.01789903640747,103.01789903640748,2369.4116778373723,6.017899036407472,198.01789903640747,4,0,6.2709600925445566,25.083840370178226,4.0209600925445566,7.0209600925445566,0.0,0.0,0.0,0.0
106,1,1,51,20,1.0,3,1,1,1.0,3,1,1,1.0,3,1,1,1.0,3,1,1,78.29450191703499,3993.019597768784,5.019992113113403,199.0199921131134,56.56999211311339,1131.399842262268,5.019992113113403,98.0199921131134,3,3,7.0232388973236075,21.069716691970825,5.023238897323608,8.023238897323607,7.0232388973236075,21.069716691970825,5.023238897323608,8.023238897323607
107,1,1,54,22,1.0,4,1,1,1.0,4,1,1,1.0,4,1,1,1.0,4,1,1,74.5165347699766,4023.892877578735,2.27579402923584,201.27579402923584,49.50306675650857,1089.0674686431882,2.27579402923584,98.27579402923584,4,4,7.279237985610963,29.11695194244385,1.279237985610962,10.279237985610964,7.279237985610963,29.11695194244385,1.279237985610962,10.279237985610964
108,1,1,54,24,1.0,2,1,1,0.0,0,0,0,1.0,2,1,1,0.0,0,0,0,76.0310117845182,4105.674636363983,3.7902710437774663,202.79027104377747,103.49860437711081,2483.9665050506587,4.790271043777466,202.79027104377747,2,0,5.794758081436157,11.589516162872314,2.7947580814361572,8.794758081436157,0.0,0.0,0.0,0.0
109,1,2,52,25,1.0,4,1,1,0.0,0,0,0,1.0,4,1,1,0.0,0,0,0,81.3597420545725,4230.7065868377695,10.205895900726318,212.20589590072632,108.80589590072631,2720.147397518158,10.205895900726318,212.20589590072632,4,0,6.709475994110107,26.83790397644043,2.2094759941101074,9.209475994110107,0.0,0.0,0.0,0.0
110,1,1,52,26,1.0,3,1,1,0.0,0,0,0,1.0,3,1,1,0.0,0,0,0,84.01551712476291,4368.806890487671,4.611670970916748,216.61167097091675,109.03474789399368,2834.903445243835,4.611670970916748,216.61167097091675,3,0,6.615318059921265,19.845954179763794,2.6153180599212646,10.615318059921263,0.0,0.0,0.0,0.0
111,1,2,52,26,1.0,3,1,1,0.0,0,0,0,1.0,3,1,1,0.0,0,0,0,84.29603208028355,4383.393668174745,4.892185926437378,216.89218592643738,109.3152628495143,2842.196834087372,4.892185926437378,216.89218592643738,3,0,6.895661115646362,20.686983346939087,2.8956611156463623,10.895661115646362,0.0,0.0,0.0,0.0
112,1,1,51,17,1.0,4,1,1,1.0,4,1,1,1.0,4,1,1,1.0,4,1,1,84.37876046872606,4303.316783905029,5.1826820373535165,217.18268203735352,49.359152625588806,839.1055946350098,16.182682037353516,89.18268203735352,4,4,5.43635106086731,21.74540424346924,0.18635106086730954,11.18635106086731,5.43635106086731,21.74540424346924,0.18635106086730954,11.18635106086731
113,1,1,51,26,1.0,4,1,1,0.0,0,0,0,1.0,4,1,1,0.0,0,0,0,86.75194133496754,4424.349008083343,7.555862903594972,219.55586290359497,111.97893982667186,2911.4524354934692,7.555862903594972,219.55586290359497,4,0,7.8100199699401855,31.240079879760746,2.5600199699401855,13.560019969940186,0.0,0.0,0.0,0.0
114,1,2,54,29,1.0,4,1,1,0.0,0,0,0,1.0,4,1,1,0.0,0,0,0,81.62132237575672,4407.551408290863,1.7509520053863523,220.75095200538638,101.85440028124842,2953.777608156204,1.7509520053863523,220.75095200538638,4,0,5.5037078857421875,22.01483154296875,0.7537078857421875,10.753707885742188,0.0,0.0,0.0,0.0
115,1,2,54,29,1.0,3,1,1,0.0,0,0,0,1.0,3,1,1,0.0,0,0,0,83.14301131389759,4489.722610950471,3.2726409435272217,222.2726409435272,103.37608921938929,2997.9065873622894,3.2726409435272217,222.2726409435272,3,0,6.6100912888844805,19.830273866653442,2.2767579555511475,12.276757955551147,0.0,0.0,0.0,0.0
116,1,1,55,16,1.0,3,1,1,1.0,3,1,1,1.0,3,1,1,1.0,3,1,1,83.24973193081942,4578.735256195067,3.3406410217285156,225.34064102172852,50.21564102172851,803.4502563476562,8.340641021728517,80.34064102172852,3,3,5.3444459438323975,16.033337831497192,2.3444459438323975,8.344445943832397,5.3444459438323975,16.033337831497192,2.3444459438323975,8.344445943832397
117,1,1,53,14,1.0,4,1,1,1.0,4,1,1,1.0,4,1,1,1.0,4,1,1,88.73879774561468,4703.156280517578,7.172760009765625,232.1727600097656,47.244188581194194,661.4186401367188,7.172760009765625,76.17276000976562,4,4,5.676372051239014,22.705488204956055,3.1763720512390137,9.176372051239014,5.676372051239014,22.705488204956055,3.1763720512390137,9.176372051239014
118,1,2,53,31,1.0,4,1,1,0.0,0,0,0,1.0,4,1,1,0.0,0,0,0,89.7544897412354,4756.987956285478,8.188452005386353,233.18845200538638,107.70458103764443,3338.842012166977,11.188452005386353,233.18845200538638,4,0,6.6926960945129395,26.77078437805176,4.1926960945129395,10.19269609451294,0.0,0.0,0.0,0.0
119,1,1,53,14,1.0,2,1,1,1.0,2,1,1,1.0,2,1,1,1.0,2,1,1,91.30565484514776,4839.1997067928305,9.739617109298708,234.7396171092987,49.811045680727275,697.3546395301819,9.739617109298708,78.7396171092987,2,2,5.7432379722595215,11.486475944519045,5.7432379722595215,5.7432379722595215,5.7432379722595215,11.486475944519045,5.7432379722595215,5.7432379722595215
120,1,1,56,16,1.0,2,1,1,1.0,2,1,1,1.0,2,1,1,1.0,2,1,1,86.91427404539925,4867.1993465423575,1.1464169025421145,235.14641690254211,44.20891690254211,707.3426704406737,1.1464169025421145,79.1464169025421,2,2,6.1502740383148184,12.30054807662964,6.1502740383148184,6.1502740383148184,6.1502740383148184,12.30054807662964,6.1502740383148184,6.1502740383148184
121,1,1,54,14,1.0,4,1,1,1.0,4,1,1,1.0,4,1,1,1.0,4,1,1,88.26066617612486,4766.075973510742,2.1865921020507812,236.1865921020508,40.32944924490793,564.6122894287108,2.1865921020507812,77.18659210205078,4,4,4.190124988555908,16.760499954223633,1.1901249885559082,7.190124988555907,4.190124988555908,16.760499954223633,1.1901249885559082,7.190124988555907
122,1,1,54,14,1.0,4,1,1,1.0,4,1,1,1.0,4,1,1,1.0,4,1,1,88.78065304402952,4794.155264377594,2.7065789699554443,236.70657896995544,40.8494361128126,571.8921055793762,2.7065789699554443,77.70657896995543,4,4,4.710329055786133,18.84131622314453,1.7103290557861328,7.710329055786133,4.710329055786133,18.84131622314453,1.7103290557861328,7.710329055786133
123,1,2,54,8,1.0,4,1,1,0.0,0,0,0,1.0,4,1,1,0.0,0,0,0,89.30289606694822,4822.356387615204,3.2288219928741455,237.22882199287415,96.85382199287416,774.8305759429933,52.22882199287414,186.22882199287415,4,0,5.232538938522339,20.930155754089355,2.232538938522339,8.232538938522339,0.0,0.0,0.0,0.0
124,1,1,54,14,1.0,4,1,1,1.0,4,1,1,1.0,4,1,1,1.0,4,1,1,91.96721295957212,4966.229499816894,5.893138885498048,239.89313888549805,44.035996028355186,616.5039443969728,5.893138885498048,80.89313888549805,4,4,7.896646022796631,31.586584091186523,4.896646022796631,10.89664602279663,7.896646022796631,31.586584091186523,4.896646022796631,10.89664602279663
125,1,1,59,18,1.0,2,1,1,1.0,2,1,1,1.0,2,1,1,1.0,2,1,1,85.89394608594604,5067.742819070816,2.3346240520477295,241.33462405204773,36.44573516315885,656.0232329368591,2.3346240520477295,82.33462405204774,2,2,9.338217973709105,18.67643594741821,6.3382179737091064,12.338217973709106,9.338217973709105,18.67643594741821,6.3382179737091064,12.338217973709106
126,1,1,57,32,1.0,3,1,1,0.0,0,0,0,1.0,3,1,1,0.0,0,0,0,87.58988855177894,4992.623647451401,3.782871007919311,242.7828710079193,113.93912100791931,3646.051872253418,9.782871007919313,242.7828710079193,3,0,3.7864720821380615,11.359416246414185,1.7864720821380615,7.786472082138061,0.0,0.0,0.0,0.0
127,1,2,56,33,1.0,4,1,1,0.0,0,0,0,1.0,4,1,1,0.0,0,0,0,92.55429005622864,5183.040243148804,7.804290056228638,249.80429005622864,117.53156278350136,3878.541571855545,7.804290056228638,249.80429005622864,4,0,5.058479070663452,20.23391628265381,2.8084790706634517,8.808479070663454,0.0,0.0,0.0,0.0
128,1,2,57,9,1.0,4,1,1,0.0,0,0,0,1.0,4,1,1,0.0,0,0,0,91.82945877209043,5234.279150009155,1.689107894897461,250.68910789489743,99.57799678378636,896.2019710540771,13.689107894897461,199.68910789489743,4,0,5.9418580532073975,23.76743221282959,3.6918580532073975,9.691858053207396,0.0,0.0,0.0,0.0
129,1,1,57,14,1.0,3,1,1,1.0,3,1,1,1.0,3,1,1,1.0,3,1,1,93.0724788297687,5305.131293296814,2.9321279525756836,251.93212795257568,31.860699381147107,446.0497913360596,10.932127952575684,57.932127952575684,3,3,6.935787916183473,20.807363748550415,4.935787916183472,10.935787916183472,6.935787916183473,20.807363748550415,4.935787916183472,10.935787916183472
130,1,1,56,12,1.0,4,1,1,1.0,4,1,1,1.0,4,1,1,1.0,4,1,1,101.79050663539341,5700.268371582031,10.969078063964844,261.96907806396484,33.135744730631515,397.6289367675781,10.969078063964844,62.96907806396485,4,4,9.473052024841307,37.89220809936523,4.973052024841309,14.973052024841307,9.473052024841307,37.89220809936523,4.973052024841309,14.973052024841307
131,1,1,56,12,1.0,4,1,1,1.0,4,1,1,1.0,4,1,1,1.0,4,1,1,102.60577753611973,5745.923542022705,11.784348964691162,262.78434896469116,33.95101563135782,407.41218757629395,11.784348964691162,63.784348964691155,4,4,10.287874937057497,41.15149974822997,5.787874937057495,15.787874937057495,10.287874937057497,41.15149974822997,5.787874937057495,15.787874937057495
132,1,1,56,12,1.0,2,1,1,1.0,2,1,1,1.0,2,1,1,1.0,2,1,1,104.56321767398286,5855.540189743042,13.741789102554321,264.7417891025543,35.908455769220986,430.9014692306518,13.741789102554321,65.74178910255432,2,2,9.74534797668457,19.49069595336914,7.74534797668457,11.74534797668457,9.74534797668457,19.49069595336914,7.74534797668457,11.74534797668457
133,1,1,57,13,1.0,4,1,1,1.0,4,1,1,1.0,4,1,1,1.0,4,1,1,101.59236919252494,5790.765043973924,1.7502639293670654,265.7502639293671,24.750263929367065,321.7534310817718,1.7502639293670654,48.750263929367065,4,4,5.7545859813690186,23.01834392547607,0.7545859813690186,12.754585981369019,5.7545859813690186,23.01834392547607,0.7545859813690186,12.754585981369019
134,1,1,57,13,1.0,3,1,1,1.0,3,1,1,1.0,3,1,1,1.0,3,1,1,101.99712526170829,5813.836139917375,2.155019998550415,266.1550199985504,25.155019998550415,327.01525998115534,2.155019998550415,49.15501999855042,3,3,5.158797979354858,15.476393938064575,1.1587979793548584,13.158797979354858,5.158797979354858,15.476393938064575,1.1587979793548584,13.158797979354858
135,1,1,57,34,1.0,3,1,1,0.0,0,0,0,1.0,3,1,1,0.0,0,0,0,103.32071935503107,5889.2810032367715,3.478614091873169,267.47861409187317,131.77273173893198,4480.272879123688,18.478614091873172,267.47861409187317,3,0,6.482666969299316,19.44800090789795,2.4826669692993164,14.482666969299315,0.0,0.0,0.0,0.0
136,1,1,56,12,1.0,3,1,1,1.0,3,1,1,1.0,3,1,1,1.0,3,1,1,105.46497930799214,5906.038841247559,4.679265022277832,268.67926502227783,25.67926502227783,308.151180267334,4.679265022277832,43.67926502227783,3,3,2.6833739280700684,8.050121784210205,0.6833739280700684,3.683373928070069,2.6833739280700684,8.050121784210205,0.6833739280700684,3.683373928070069
137,1,3,59,10,1.0,4,1,1,0.0,0,0,0,1.0,4,1,1,0.0,0,0,0,103.11094737457016,6083.54589509964,4.2804388999938965,272.2804388999939,111.28043889999391,1112.804388999939,22.280438899993896,221.2804388999939,4,0,5.03400993347168,20.13603973388672,1.2840099334716797,7.28400993347168,0.0,0.0,0.0,0.0
138,1,1,59,14,1.0,4,1,1,1.0,4,1,1,1.0,4,1,1,1.0,4,1,1,104.74373054908493,6179.88010239601,5.913222074508668,273.9132220745087,24.62750778879439,344.78510904312134,5.913222074508668,41.913222074508674,4,4,6.666861057281494,26.667444229125977,2.9168610572814937,8.916861057281494,6.666861057281494,26.667444229125977,2.9168610572814937,8.916861057281494
139,1,1,59,14,1.0,3,1,1,1.0,3,1,1,1.0,3,1,1,1.0,3,1,1,106.0853374044774,6259.034906864166,7.254828929901122,275.25482892990107,25.96911464418684,363.5676050186157,7.254828929901122,43.254828929901116,3,3,8.258397102355957,24.77519130706787,4.258397102355957,10.258397102355957,8.258397102355957,24.77519130706787,4.258397102355957,10.258397102355957
140,1,1,62,16,1.0,3,1,1,1.0,3,1,1,1.0,3,1,1,1.0,3,1,1,102.50107554466494,6355.066683769226,1.7107529640197754,276.71075296401983,24.335752964019775,389.3720474243164,1.7107529640197754,44.710752964019775,3,3,9.71439790725708,29.14319372177124,5.71439790725708,11.71439790725708,9.71439790725708,29.14319372177124,5.71439790725708,11.71439790725708
141,1,1,62,16,1.0,3,1,1,1.0,3,1,1,1.0,3,1,1,1.0,3,1,1,102.99199251205692,6385.503535747528,2.201669931411743,277.20166993141174,24.826669931411747,397.2267189025879,2.201669931411743,45.20166993141174,3,3,10.205184936523438,30.61555480957031,6.2051849365234375,12.205184936523438,10.205184936523438,30.61555480957031,6.2051849365234375,12.205184936523438
142,1,1,61,15,1.0,4,1,1,1.0,4,1,1,1.0,4,1,1,1.0,4,1,1,106.00398390019528,6466.24301791191,4.2662789821624765,279.26627898216253,25.53294564882914,382.99418473243713,4.2662789821624765,45.266278982162476,4,4,9.770200014114382,39.08080005645753,2.27020001411438,14.27020001411438,9.770200014114382,39.08080005645753,2.27020001411438,14.27020001411438
143,1,2,63,35,1.0,2,1,1,0.0,0,0,0,1.0,2,1,1,0.0,0,0,0,105.49737881100368,6646.334865093231,3.751347064971924,282.75134706497187,143.2942042078291,5015.297147274016,15.751347064971926,282.75134706497187,2,0,4.2545809745788565,8.509161949157715,2.7545809745788574,5.754580974578857,0.0,0.0,0.0,0.0
144,1,2,61,35,1.0,4,1,1,0.0,0,0,0,1.0,4,1,1,0.0,0,0,0,108.40298063246931,6612.581818580627,4.7472429275512695,283.7472429275512,144.2901000704084,5050.1535024642935,16.74724292755127,283.7472429275512,4,0,3.000852108001709,12.003408432006836,0.7508521080017091,6.750852108001709,0.0,0.0,0.0,0.0
145,1,1,61,15,1.0,4,1,1,1.0,4,1,1,1.0,4,1,1,1.0,4,1,1,108.81605274169172,6637.779217243195,5.160315036773682,284.1603150367737,21.960315036773682,329.40472555160517,5.160315036773682,48.16031503677368,4,4,3.4140899181365967,13.656359672546387,1.164089918136597,7.164089918136598,3.4140899181365967,13.656359672546387,1.164089918136597,7.164089918136598
146,1,1,64,16,1.0,4,1,1,1.0,4,1,1,1.0,4,1,1,1.0,4,1,1,105.91746401786804,6778.717697143555,2.308089017868042,286.3080890178681,22.74558901786804,363.9294242858887,2.308089017868042,50.30808901786804,4,4,5.561486005783081,22.245944023132324,3.311486005783081,9.31148600578308,5.561486005783081,22.245944023132324,3.311486005783081,9.31148600578308
147,1,1,64,16,1.0,1,1,1,1.0,1,1,1,1.0,1,1,1,1.0,1,1,1,108.84431290626526,6966.036026000977,5.234937906265259,289.23493790626526,25.672437906265262,410.7590065002442,5.234937906265259,53.23493790626526,1,1,6.2385289669036865,6.2385289669036865,6.2385289669036865,6.2385289669036865,6.2385289669036865,6.2385289669036865,6.2385289669036865,6.2385289669036865
148,1,1,64,16,1.0,1,1,1,1.0,1,1,1,1.0,1,1,1,1.0,1,1,1,109.1448700428009,6985.271682739258,5.535495042800903,289.53549504280085,25.972995042800907,415.5679206848145,5.535495042800903,53.535495042800896,1,1,6.539582014083862,6.539582014083862,6.539582014083862,6.539582014083862,6.539582014083862,6.539582014083862,6.539582014083862,6.539582014083862
149,1,3,60,11,1.0,4,1,1,0.0,0,0,0,1.0,4,1,1,0.0,0,0,0,122.78847662607828,7367.308597564697,11.37180995941162,300.3718099594116,129.28090086850253,1422.0899095535278,28.37180995941162,249.3718099594116,4,0,1.3757760524749756,5.503104209899902,0.3757760524749756,4.3757760524749765,0.0,0.0,0.0,0.0
150,1,1,61,12,1.0,4,1,1,1.0,4,1,1,1.0,4,1,1,1.0,4,1,1,123.05252410153874,7506.203970193864,2.642688035964966,302.6426880359649,25.39268803596497,304.71225643157965,13.642688035964966,37.64268803596497,4,4,3.6462891101837163,14.585156440734865,2.646289110183716,6.646289110183716,3.6462891101837163,14.585156440734865,2.646289110183716,6.646289110183716
151,1,1,61,12,1.0,4,1,1,1.0,4,1,1,1.0,4,1,1,1.0,4,1,1,126.0544557610496,7689.321801424027,4.2511770725250235,306.25117707252497,25.91784373919169,311.01412487030035,4.2511770725250235,40.251177072525024,4,4,4.754225969314575,19.0169038772583,0.2542259693145752,6.254225969314575,4.754225969314575,19.0169038772583,0.2542259693145752,6.254225969314575
152,1,1,61,12,1.0,4,1,1,1.0,4,1,1,1.0,4,1,1,1.0,4,1,1,127.28450060281595,7764.354536771773,5.481221914291382,307.4812219142914,27.147888580958053,325.77466297149664,5.481221914291382,41.48122191429138,4,4,5.984798908233643,23.93919563293457,1.4847989082336426,7.484798908233643,5.984798908233643,23.93919563293457,1.4847989082336426,7.484798908233643
153,1,2,57,37,1.0,4,1,1,0.0,0,0,0,1.0,4,1,1,0.0,0,0,0,146.90588436210362,8373.635408639908,14.818165063858032,321.8181650638581,174.62897587466884,6461.272107362746,38.81816506385803,321.8181650638581,4,0,3.0719540119171143,12.287816047668455,0.8219540119171143,6.821954011917113,0.0,0.0,0.0,0.0
154,1,1,57,7,1.0,4,1,1,1.0,4,1,1,1.0,4,1,1,1.0,4,1,1,150.27408614493254,8565.622910261154,4.923208951950073,325.92320895195013,31.20892323766436,218.4624626636505,18.923208951950073,41.923208951950066,4,4,4.92680811882019,19.70723247528076,1.9268081188201904,7.92680811882019,4.92680811882019,19.70723247528076,1.9268081188201904,7.92680811882019
155,1,1,57,38,1.0,4,1,1,0.0,0,0,0,1.0,4,1,1,0.0,0,0,0,150.58129229880214,8583.133661031723,5.230415105819702,326.2304151058197,174.46725721108285,6629.755774021149,5.230415105819702,326.2304151058197,4,0,5.234055042266847,20.936220169067386,2.2340550422668457,8.234055042266847,0.0,0.0,0.0,0.0
156,1,1,57,6,1.0,4,1,1,1.0,4,1,1,1.0,4,1,1,1.0,4,1,1,153.95303365640473,8775.322918415071,5.023209095001222,331.02320909500116,28.02320909500122,168.1392545700073,6.023209095001222,42.02320909500122,4,4,5.526345014572144,22.105380058288574,1.0263450145721436,10.026345014572145,5.526345014572144,22.105380058288574,1.0263450145721436,10.026345014572145
157,1,1,58,7,1.0,2,1,1,1.0,2,1,1,1.0,2,1,1,1.0,2,1,1,156.97533497317085,9104.569428443907,5.699472904205322,336.6994729042053,29.699472904205322,207.89631032943728,5.699472904205322,47.69947290420532,2,2,8.203202962875366,16.406405925750732,6.703202962875366,9.703202962875368,8.203202962875366,16.406405925750732,6.703202962875366,9.703202962875368
158,1,1,58,7,1.0,1,1,1,1.0,1,1,1,1.0,1,1,1,1.0,1,1,1,157.2579010437275,9120.958260536194,5.982038974761963,336.9820389747619,29.982038974761963,209.87427282333374,5.982038974761963,47.98203897476196,1,1,9.986386060714723,9.986386060714723,9.986386060714723,9.986386060714723,9.986386060714723,9.986386060714723,9.986386060714723,9.986386060714723
159,1,1,55,5,1.0,4,1,1,1.0,3,1,1,1.25,5,1,2,1.0,3,1,1,163.58411771600896,8997.126474380493,7.7659358978271475,330.7659358978272,16.765935897827152,83.82967948913573,7.7659358978271475,36.76593589782715,4,3,4.770685911178589,19.082743644714355,0.7706859111785889,6.770685911178589,6.104019244511923,18.312057733535767,4.770685911178589,6.770685911178589
160,1,2,55,12,1.0,4,1,1,0.0,0,0,0,1.25,5,1,2,0.0,0,0,0,163.8976257497614,9014.369416236876,8.07944393157959,331.07944393157965,162.24611059824625,1946.953327178955,44.07944393157959,293.07944393157965,4,0,5.0832390785217285,20.332956314086914,1.0832390785217283,7.0832390785217285,0.0,0.0,0.0,0.0
161,1,1,55,5,1.0,4,1,1,1.0,3,1,1,1.25,5,1,2,1.0,3,1,1,164.4891398603266,9046.902692317964,8.670958042144775,331.67095804214483,17.670958042144772,88.35479021072388,8.670958042144775,37.670958042144775,4,3,5.674483060836793,22.69793224334717,1.674483060836792,7.674483060836793,7.007816394170124,21.023449182510376,5.674483060836793,7.674483060836793
162,1,3,55,12,1.0,3,1,1,0.0,0,0,0,1.3333333333333333,4,1,2,0.0,0,0,0,165.69911677187142,9113.451422452928,9.880934953689577,332.88093495368963,164.04760162035626,1968.571219444275,45.880934953689575,294.88093495368963,3,0,6.218270381291706,18.654811143875122,2.8849370479583736,8.884937047958372,0.0,0.0,0.0,0.0
163,1,1,58,7,1.0,4,1,1,1.0,2,1,1,1.5,6,1,2,1.0,2,1,1,152.04312007180573,8818.500964164734,1.405189037322998,331.405189037323,14.690903323037286,102.836323261261,2.405189037322998,39.405189037323,4,2,5.1579749584198,20.6318998336792,0.4079749584197998,9.407974958419802,8.4079749584198,16.8159499168396,7.4079749584198,9.407974958419802
164,1,1,58,7,1.0,4,1,1,1.0,2,1,1,1.5,6,1,2,1.0,2,1,1,152.76170794717197,8860.179060935974,2.123776912689209,332.12377691268915,15.409491198403494,107.86643838882445,3.123776912689209,40.12377691268921,4,2,5.877711057662964,23.510844230651855,1.127711057662964,10.127711057662962,9.127711057662962,18.255422115325924,8.127711057662964,10.127711057662962
165,1,2,58,37,1.0,4,1,1,1.0,2,1,1,1.5,6,1,2,2.0,4,2,2,153.47357694856052,8901.467463016508,2.835645914077759,332.83564591407776,183.51132158975346,6789.918898820876,21.835645914077762,332.83564591407776,4,2,6.589368104934692,26.35747241973877,1.8393681049346924,10.839368104934692,3.3393681049346924,6.678736209869385,1.8393681049346924,4.8393681049346915
166,1,1,60,37,1.0,3,1,1,1.0,3,1,1,2.0,6,2,2,2.0,6,2,2,147.41696432431542,8845.017859458923,5.3836309909820566,321.38363099098206,179.08633369368476,6626.194346666335,5.3836309909820566,321.38363099098206,3,3,6.387434959411621,19.162304878234863,3.387434959411621,9.38743495941162,6.387434959411621,19.162304878234863,3.387434959411621,9.38743495941162
167,1,1,59,9,1.0,4,1,1,0.0,0,0,0,2.0,8,2,2,0.0,0,0,0,147.33707868850837,8692.887642621994,8.252332925796509,315.2523329257965,20.252332925796512,182.27099633216858,8.252332925796509,48.25233292579651,4,0,7.755980014801025,31.0239200592041,3.2559800148010254,12.255980014801025,0.0,0.0,0.0,0.0
168,1,1,61,10,1.0,4,1,1,0.0,0,0,0,2.0,8,2,2,0.0,0,0,0,144.90865529951503,8839.427973270416,2.597179889678955,317.59717988967896,20.59717988967895,205.97179889678955,2.597179889678955,50.597179889678955,4,0,10.100856065750124,40.403424263000495,5.600856065750122,14.600856065750122,0.0,0.0,0.0,0.0
169,1,1,62,11,1.0,4,1,1,0.0,0,0,0,2.0,8,2,2,0.0,0,0,0,159.02968905818076,9859.840721607208,17.045818090438846,334.0458180904388,35.22763627225702,387.50399899482727,17.045818090438846,67.04581809043884,4,0,26.549685955047607,106.19874382019043,22.049685955047607,31.049685955047607,0.0,0.0,0.0,0.0
170,1,2,63,37,1.0,4,1,1,1.0,4,1,1,2.0,8,2,2,2.0,8,2,2,167.55834135176644,10556.175505161284,11.098023891448976,345.098023891449,203.12505091847598,7515.626883983612,33.098023891448975,345.098023891449,4,4,37.60180401802064,150.40721607208255,33.10180401802063,42.10180401802064,37.60180401802064,150.40721607208255,33.10180401802063,42.10180401802064
171,1,3,64,14,1.0,4,1,1,0.0,0,0,0,2.0,8,2,2,0.0,0,0,0,167.09251403808594,10693.9208984375,2.2487640380859375,347.24876403808594,182.17733546665738,2550.482696533203,42.24876403808594,336.24876403808594,4,0,39.75251793861389,159.01007175445557,35.25251793861389,44.25251793861389,0.0,0.0,0.0,0.0
172,1,2,64,14,1.0,4,1,1,0.0,0,0,0,2.0,8,2,2,0.0,0,0,0,168.54761791229245,10787.04754638672,3.703867912292481,348.7038679122925,183.63243934086393,2570.854150772095,43.70386791229248,337.70386791229254,4,0,41.207218885421746,164.82887554168698,36.707218885421746,45.70721888542175,0.0,0.0,0.0,0.0
173,1,1,66,12,1.0,4,1,1,0.0,0,0,0,2.0,8,2,2,0.0,0,0,0,166.46551825783467,10986.724205017092,3.692790985107422,351.69279098510737,49.94279098510742,599.3134918212892,17.692790985107422,84.69279098510742,4,0,44.196223020553596,176.78489208221438,39.696223020553596,48.696223020553596,0.0,0.0,0.0,0.0
174,1,1,66,13,1.0,4,1,1,0.0,0,0,0,2.0,8,2,2,0.0,0,0,0,170.53207846121356,11255.117178440096,10.077533006668089,350.0775330066681,55.53907146820655,722.0079290866852,10.077533006668089,94.07753300666808,4,0,41.58149290084839,166.32597160339355,7.081492900848389,58.08149290084839,0.0,0.0,0.0,0.0
175,1,1,67,14,1.0,3,1,1,0.0,0,0,0,2.0,6,2,2,0.0,0,0,0,170.02715365566425,11391.819294929504,2.1167058944702153,352.1167058944702,53.616705894470215,750.633882522583,2.1167058944702153,96.1167058944702,3,0,38.120455980300896,114.36136794090271,9.120455980300905,54.120455980300896,0.0,0.0,0.0,0.0
176,1,1,67,37,1.0,3,1,1,1.0,3,1,1,2.0,6,2,2,2.0,6,2,2,170.08160273708515,11395.467383384705,2.1711549758911133,352.1711549758911,211.87385767859382,7839.332734107971,18.171154975891113,339.1711549758911,3,3,38.173950910568244,114.52185273170471,9.173950910568236,54.173950910568244,38.173950910568244,114.52185273170471,9.173950910568236,54.173950910568244
177,1,1,66,14,1.0,4,1,1,0.0,0,0,0,2.0,8,2,2,0.0,0,0,0,168.3415049061631,11110.539323806765,2.9930200576782227,352.9930200576782,54.49302005767822,762.9022808074951,2.9930200576782227,96.99302005767822,4,0,29.496355056762695,117.98542022705078,0.9963550567626952,54.9963550567627,0.0,0.0,0.0,0.0
178,1,2,69,37,1.0,4,1,1,1.0,4,1,1,2.0,8,2,2,2.0,8,2,2,163.97455812882686,11314.244510889053,2.9165871143341064,355.9165871143341,206.4571276548746,7638.913723230363,3.9165871143341064,329.9165871143341,4,4,32.41953992843628,129.67815971374512,3.9195399284362793,57.91953992843628,32.41953992843628,129.67815971374512,3.9195399284362793,57.91953992843628
179,1,2,68,36,1.0,4,1,1,1.0,4,1,1,2.0,8,2,2,2.0,8,2,2,164.4907251666574,11185.369311332704,5.873078107833862,358.8730781078338,205.98418921894498,7415.430811882019,6.873078107833862,331.8730781078338,4,4,20.376909017562863,81.50763607025145,0.8769090175628662,57.87690901756286,20.376909017562863,81.50763607025145,0.8769090175628662,57.87690901756286
180,1,1,70,16,1.0,4,1,1,0.0,0,0,0,2.0,8,2,2,0.0,0,0,0,162.10579118047443,11347.405382633211,3.120076894760132,361.1200768947602,55.87007689476013,893.9212303161621,8.120076894760134,105.12007689476013,4,0,22.623689889907837,90.49475955963136,3.123689889907837,60.123689889907844,0.0,0.0,0.0,0.0
181,1,1,70,16,1.0,4,1,1,0.0,0,0,0,2.0,8,2,2,0.0,0,0,0,165.17324027333942,11562.12681913376,6.187525987625122,364.1875259876251,58.937525987625115,943.000415802002,11.187525987625122,108.18752598762512,4,0,25.69122195243835,102.76488780975342,6.1912219524383545,63.191221952438354,0.0,0.0,0.0,0.0
182,1,2,72,16,1.0,4,1,1,0.0,0,0,0,2.0,8,2,2,0.0,0,0,0,163.5465173986223,11775.349252700806,3.1020729541778564,367.1020729541778,190.22707295417786,3043.6331672668457,30.102072954177856,367.1020729541778,4,0,28.60559105873108,114.42236423492432,9.10559105873108,66.10559105873108,0.0,0.0,0.0,0.0
183,1,1,72,18,1.0,4,1,1,0.0,0,0,0,1.75,7,1,2,0.0,0,0,0,166.49193920029538,11987.419622421265,7.76971697807312,374.7697169780731,63.158605866962006,1136.8549056053164,10.76971697807312,118.76971697807312,4,0,19.023237943649292,76.09295177459717,4.773237943649292,31.77323794364929,0.0,0.0,0.0,0.0
184,1,1,73,19,1.0,4,1,1,0.0,0,0,0,1.75,7,1,2,0.0,0,0,0,165.8675747472946,12108.332956552505,2.4155199527740483,376.41551995277405,61.520783110668795,1168.8948791027071,2.4155199527740483,120.41551995277405,4,0,20.66978788375855,82.6791515350342,6.419787883758545,33.419787883758545,0.0,0.0,0.0,0.0
185,1,2,73,37,1.0,4,1,1,1.0,4,1,1,1.75,7,1,2,1.75,7,1,2,166.15372973272244,12129.22227048874,2.7016749382019043,376.7016749382019,209.40437764090458,7747.9619727134705,18.701674938201908,349.7016749382019,4,4,20.956039905548092,83.82415962219237,6.706039905548097,33.706039905548096,20.956039905548092,83.82415962219237,6.706039905548097,33.706039905548096
186,1,1,73,19,1.0,4,1,1,0.0,0,0,0,1.75,7,1,2,0.0,0,0,0,166.87948780843658,12182.20261001587,3.4274330139160156,377.427433013916,62.53269617181075,1188.1212272644045,3.4274330139160156,121.42743301391602,4,0,21.680989980697632,86.72395992279053,7.430989980697633,34.430989980697625,0.0,0.0,0.0,0.0
187,1,1,76,21,1.0,4,1,1,0.0,0,0,0,1.75,7,1,2,0.0,0,0,0,166.25662172468085,12635.503251075745,6.348726987838745,383.34872698783875,62.58682222593398,1314.3232667446134,6.348726987838745,127.34872698783876,4,0,27.60297203063965,110.4118881225586,13.352972030639648,40.35297203063965,0.0,0.0,0.0,0.0
188,1,1,76,21,1.0,4,1,1,0.0,0,0,0,1.75,7,1,2,0.0,0,0,0,167.69128668935676,12744.537788391111,7.7833919525146475,384.78339195251465,64.02148719060989,1344.4512310028074,7.7833919525146475,128.78339195251465,4,0,29.036940097808838,116.14776039123535,14.786940097808838,41.786940097808845,0.0,0.0,0.0,0.0
189,1,2,78,38,1.0,4,1,1,1.0,4,1,1,1.75,7,1,2,1.75,7,1,2,164.44808254486475,12826.95043849945,1.807056903839111,385.8070569038391,213.0175832196286,8094.668162345886,9.807056903839113,358.8070569038391,4,4,30.0605731010437,120.2422924041748,15.8105731010437,42.8105731010437,30.0605731010437,120.2422924041748,15.8105731010437,42.8105731010437
190,1,1,78,23,1.0,4,1,1,0.0,0,0,0,1.75,7,1,2,0.0,0,0,0,165.27042160278708,12891.092885017395,2.6293959617614746,386.6293959617615,60.41200465741365,1389.476107120514,2.6293959617614746,130.6293959617615,4,0,30.88291311264038,123.53165245056152,16.63291311264038,43.63291311264038,0.0,0.0,0.0,0.0
191,1,1,78,23,1.0,4,1,1,0.0,0,0,0,1.75,7,1,2,0.0,0,0,0,165.88258061653528,12938.84128808975,3.2415549755096436,387.24155497550964,61.02416367116182,1403.5557644367218,3.2415549755096436,131.24155497550964,4,0,31.495168924331665,125.98067569732666,17.245168924331665,44.245168924331665,0.0,0.0,0.0,0.0
192,1,1,78,23,1.0,4,1,1,0.0,0,0,0,1.75,7,1,2,0.0,0,0,0,166.80965671783838,13011.153223991394,4.168631076812743,388.16863107681274,61.9512397724649,1424.8785147666931,4.168631076812743,132.16863107681272,4,0,32.42236304283142,129.68945217132568,18.17236304283142,45.17236304283142,0.0,0.0,0.0,0.0
193,1,1,78,23,1.0,4,1,1,0.0,0,0,0,1.75,7,1,2,0.0,0,0,0,167.11567173248682,13035.022395133972,4.474646091461182,388.4746460914612,62.257254787113354,1431.9168601036072,4.474646091461182,132.47464609146118,4,0,32.728387117385864,130.91354846954346,18.478387117385864,45.47838711738586,0.0,0.0,0.0,0.0
194,1,1,83,27,1.0,4,1,1,0.0,0,0,0,1.75,7,1,2,0.0,0,0,0,160.31840583215273,13306.42768406868,3.6437070369720463,391.64370703697205,56.384447777712786,1522.3800899982452,3.6437070369720463,135.64370703697205,4,0,35.897761106491096,143.59104442596438,21.64776110649109,48.647761106491096,0.0,0.0,0.0,0.0
195,1,1,83,27,1.0,4,1,1,0.0,0,0,0,1.75,7,1,2,0.0,0,0,0,162.57088490853823,13493.383447408676,5.896186113357544,393.8961861133575,58.63692685409829,1583.1970250606535,5.896186113357544,137.89618611335754,4,0,38.14969491958618,152.59877967834473,23.89969491958618,50.89969491958618,0.0,0.0,0.0,0.0
196,1,2,83,17,1.0,4,1,1,0.0,0,0,0,1.75,7,1,2,0.0,0,0,0,162.87033387551824,13518.237711668015,6.1956350803375235,394.1956350803375,206.13681155092576,3504.325796365738,27.195635080337524,394.1956350803375,4,0,38.449729919433594,153.79891967773438,24.19972991943359,51.199729919433594,0.0,0.0,0.0,0.0
197,1,2,83,17,1.0,4,1,1,0.0,0,0,0,1.75,7,1,2,0.0,0,0,0,164.08907672296087,13619.393368005753,7.414377927780151,395.41437792778015,207.3555543983684,3525.0444247722626,28.414377927780148,395.41437792778015,4,0,39.66755509376526,158.67022037506104,25.417555093765262,52.41755509376526,0.0,0.0,0.0,0.0
198,1,1,87,29,1.0,4,1,1,0.0,0,0,0,1.75,7,1,2,0.0,0,0,0,157.5647129574041,13708.13002729416,1.334827899932861,396.33482789993286,57.162414106829424,1657.710009098053,3.3348278999328613,140.33482789993286,4,0,40.588973045349114,162.35589218139646,26.33897304534912,53.33897304534912,0.0,0.0,0.0,0.0
199,1,2,87,38,1.0,4,1,1,1.0,4,1,1,1.75,7,1,2,1.75,7,1,2,165.65659370641598,14412.123652458191,12.66808795928955,408.6680879592895,226.4575616435001,8605.387342453003,23.66808795928955,380.6680879592895,4,4,38.42178106307983,153.68712425231934,7.671781063079834,56.67178106307983,38.42178106307983,153.68712425231934,7.671781063079834,56.67178106307983
